product,quantity,unit_price,date,client
  markers  ,54.0,352.25,2024-09-10,Wells-Joseph
Lunch box or bag,97.0,489.12,2024-08-21,Mcdonald-Smith
Compass,135.0,145.03,2024-06-19,"Gibson, Miller and Hamilton"
Mechanical pencil,42.0,10.17,2024-05-20,Shea-Lane
  Safety scissors  ,67.0,373.17,2024-08-12,Lopez PLC
Mechanical pencil,61.0,11.71,2024-07-22,"Phelps, Ali and Baker"
Water bottle,59.0,171.59,2025-03-14,  Johnson-Sims  
  Tissues  ,27.0,113.59,2024-06-16,"Andrews, Good and Smith"
Erasers,133.0,312.85,2024-06-24,Wilcox PLC
Mouse,85.0,269.05,2024-12-31,Johnson-Farrell
Water bottle,40.0,321.96,2024-06-23,"Ross, Hernandez and Velez"
Folder,60.0,339.15,2024-10-04,Anderson-Howell
  Sticky notes  ,112.0,116.52,2024-06-19,Davis Inc
Pencil pouch,107.0,57.16,2024-06-15,"Wagner, Campbell and Miles"
Laptop,95.0,400.04,2025-03-17,"Burton, Simon and Lewis"
Sharpener,97.0,90.95,2025-04-22,Anderson-Lee
Erasers,114.0,430.54,2025-01-11,"Johnson, Rogers and Perez"
Tablet,,213.51,2024-08-31,"Burch, Roberts and Wagner"
Mechanical pencil,125.0,214.56,2024-07-09,Patel LLC
  Red pen  ,101.0,333.93,2024-10-26,Castillo-Johnson
Scientific calculator,105.0,429.52,2024-09-01,Gonzales and Sons
Graph paper,39.0,89.84,2025-03-30,Silva-Munoz
Blue pen,49.0,163.35,2025-01-12,Romero-Holloway
Safety scissors,118.0,455.19,2025-04-12,Shaw Inc
Sharpener,96.0,191.76,2025-02-20,"Jones, Moore and Martin"
#2 Pencil,142.0,430.41,2025-01-18,"Roberts, Woods and Little"
Colored pencils,83.0,221.68,2025-01-02,Owens Ltd
Safety scissors,133.0,215.2,2024-09-23,"Murray, Williams and Gates"
Red pen,16.0,107.85,2024-07-29,"Myers, Ferguson and Miller"
Sticky notes,99.0,331.56,2025-04-29,Williams Group
Glue stick & liquid glue,73.0,123.09,2025-04-23,Mclaughlin-Patterson
Colored pencils,16.0,147.76,2024-06-09,Curtis Group
  Blue pen  ,68.0,45.97,2025-03-05,Hill Inc
Protractor,141.0,45.15,2024-07-14,Taylor Group
Safety scissors,111.0,49.64,2024-09-25,George LLC
  Blue pen  ,21.0,416.29,2024-06-07,Martin Group
Clipboard,57.0,437.19,2024-11-04,"Curtis, Jones and Chapman"
Crayons or watercolor paints,121.0,222.69,2024-10-22,Raymond Inc
Black pen,121.0,95.69,2024-08-01,Huang-Gray
Loose-leaf paper,82.0,58.6,2024-12-31,Pham PLC
Dividers with tabs,60.0,304.48,2024-12-17,"Stokes, Gibbs and Hodge"
markers,57.0,147.21,2024-11-16,"Fox, Poole and Ibarra"
Red pen,125.0,143.03,2024-10-17,"Wall, Floyd and Neal"
Glue stick & liquid glue,29.0,403.8,2025-02-19,West-Brooks
Erasers,27.0,441.18,2025-03-11,"Burke, Lopez and Thompson"
Black pen,46.0,256.58,2024-08-16,  Avery-Gardner  
page flags,107.0,252.47,2025-03-21,Gonzalez-Schwartz
Mouse,102.0,408.88,2024-07-16,Jordan LLC
Tissues,32.0,56.81,2024-06-27,"Fernandez, Adams and Calderon"
Index cards,14.0,296.65,2025-04-14,Price Group
Sharpener,43.0,76.66,2024-07-04,Smith-Navarro
Clipboard,82.0,497.61,2024-06-30,Sanchez and Sons
Index cards,47.0,52.22,2024-07-07,Conley-Obrien
Protractor,108.0,417.12,2024-09-01,Watkins-Cox
Mechanical pencil,138.0,194.74,2025-01-27,Fernandez PLC
Erasers,51.0,253.05,2024-09-05,Burns Ltd
Mouse,112.0,176.85,2025-03-09,Cole PLC
Glue stick & liquid glue,85.0,424.82,2024-06-11,Santos-Terrell
Charger & extension cord,,402.96,2024-05-28,"Jones, Rose and Colon"
Protractor,90.0,400.53,2025-03-08,Jenkins LLC
Index cards,84.0,52.98,2024-07-15,Davidson LLC
Construction paper,,213.05,2024-06-03,  Green-Johnson  
Headphones or earbuds,22.0,121.96,2024-11-11,Pratt Inc
Safety scissors,56.0,446.15,2024-11-07,Bridges LLC
  Lunch box or bag  ,134.0,73.96,2025-02-16,"Hill, Jones and Lopez"
Lined notebooks or composition books,23.0,356.61,2025-04-23,"Ford, Boyd and Dawson"
Hand sanitizer,58.0,260.49,2024-10-26,Martinez Group
Glue stick & liquid glue,,200.24,2025-01-09,Romero Ltd
Graph paper,79.0,244.22,2024-08-09,"Cameron, Hendricks and King"
Pencil pouch,132.0,378.83,2024-12-29,"Henry, Hamilton and Park"
Red pen,73.0,346.67,2024-08-17,Grant-Carter
markers,110.0,321.19,2024-10-15,Cruz-Olson
Folder,44.0,102.91,2025-03-11,"Parker, Hunter and Reyes"
Mouse,,30.62,2025-01-07,  Allen and Sons  
#2 Pencil,122.0,53.52,2025-03-09,Vang-Compton
Pencil case,84.0,223.19,2024-06-05,"Mayer, Holland and Donovan"
Graph paper,110.0,264.25,2024-07-26,Potter Inc
#2 Pencil,114.0,64.17,2024-06-18,Nichols Ltd
Hand sanitizer,94.0,16.69,2025-01-30,"Carr, Dunn and Hart"
Hand sanitizer,118.0,64.2,2024-05-29,Davis-Barnes
Pencil case,130.0,363.63,2024-11-22,Brown-Johnson
Colored pencils,28.0,499.94,2024-12-28,Wilson Group
Hand sanitizer,54.0,313.34,2024-08-04,Wilson and Sons
markers,83.0,,2024-08-02,Mitchell Ltd
  Water bottle  ,95.0,180.2,2024-11-08,"Ramirez, Castro and Bryant"
Index cards,89.0,260.21,2024-08-09,"Caldwell, Mclaughlin and Sloan"
Lab notebook,72.0,462.7,2024-09-22,Simpson Group
  Pencil pouch  ,,195.05,2024-11-25,Jensen-Brown
Sharpener,92.0,471.48,2025-04-17,"Mitchell, Jones and Avila"
Sticky notes,53.0,206.57,2024-12-26,"Garcia, Nash and Duncan"
Loose-leaf paper,56.0,300.8,2025-03-02,Goodwin-Lopez
Ruler,108.0,447.38,2024-12-02,"Tyler, Martin and Haynes"
Crayons or watercolor paints,74.0,73.59,2024-11-09,Navarro Inc
Highlighter,16.0,292.28,2025-01-31,Flores Inc
Hand sanitizer,96.0,363.75,2024-05-19,"Kerr, Stark and Archer"
Charger & extension cord,25.0,226.21,2025-04-18,Wagner and Sons
page flags,80.0,30.11,2024-12-10,Strong-Nash
Hand sanitizer,103.0,288.23,2025-04-17,"  Reed, Powers and Nichols  "
Graphing calculator,12.0,276.65,2024-10-11,Smith-Weaver
Compass,44.0,44.11,2025-01-29,"Ray, Mccarthy and Reyes"
Crayons or watercolor paints,40.0,133.53,2024-09-15,"Adams, Aguilar and Cowan"
Pencil case,31.0,308.74,2024-08-25,King-Mcknight
Dividers with tabs,144.0,379.33,2025-04-11,Beasley-Hernandez
Headphones or earbuds,76.0,306.01,2024-06-25,"Oneill, Green and Evans"
Lined notebooks or composition books,66.0,405.38,2025-03-13,"King, Huff and Perez"
Hand sanitizer,35.0,469.73,2024-10-23,Zamora Group
Blue pen,72.0,248.25,2025-04-10,"  Larson, Atkinson and Moran  "
Protractor,82.0,179.98,2024-08-30,Aguilar Group
Safety scissors,25.0,70.68,2025-03-21,Brown-Riddle
Highlighter,136.0,28.44,2025-01-21,Ray-Greer
Headphones or earbuds,,424.14,2024-06-29,Rhodes-Marshall
  Tissues  ,78.0,19.25,2024-05-13,"Ray, Perez and Simmons"
  Blue pen  ,129.0,149.94,2024-09-20,"  Ray, Murphy and Mata  "
Clipboard,34.0,371.34,2025-02-02,Franklin Group
Blue pen,,,2024-11-17,Aguilar LLC
Headphones or earbuds,119.0,109.67,2025-02-10,"Lowe, Mccullough and Harrington"
  Dividers with tabs  ,49.0,430.69,2025-05-03,Conrad LLC
Red pen,85.0,475.57,2025-05-03,Lopez and Sons
  Safety scissors  ,52.0,187.85,2025-02-09,Montes-Montoya
  Hand sanitizer  ,130.0,402.44,2024-07-26,Saunders-Kelly
Lunch box or bag,81.0,211.83,2024-08-21,  Holt LLC  
Mouse,62.0,321.64,2025-01-14,Phelps-Lewis
  Index cards  ,42.0,281.89,2025-04-18,Sawyer Group
Headphones or earbuds,55.0,,2024-12-27,Clarke Group
Protractor,109.0,446.78,2024-09-22,Stanley Inc
Clipboard,77.0,389.08,2025-04-07,Rodriguez-Reese
Backpack,104.0,117.07,2024-12-25,Gamble-Holland
Backpack,67.0,459.35,2024-08-25,Cummings Ltd
Headphones or earbuds,19.0,218.64,2024-05-14,Henderson and Sons
Dividers with tabs,112.0,274.07,2024-07-03,  Mccarty-Perkins  
Colored pencils,144.0,366.99,2025-02-25,Miller-Flores
Lined notebooks or composition books,,280.54,2024-06-23,Vega-Bennett
Lab notebook,118.0,212.29,2024-11-10,"Weiss, Wade and Roberts"
Ruler,83.0,466.01,2025-03-11,Dunn PLC
Laptop,,195.13,2025-03-22,"Bowman, Ramirez and Dudley"
Laptop,105.0,213.06,2024-05-11,Gomez and Sons
USB flash drive,28.0,107.7,2024-08-19,  Elliott PLC  
Hand sanitizer,62.0,326.81,2025-03-29,  Hill-Andrews  
Laptop,100.0,391.37,2025-04-01,"Warren, Rodriguez and Hall"
Graphing calculator,19.0,498.44,2024-06-19,Stone-Barr
Colored pencils,40.0,225.91,2024-11-18,Callahan Inc
Sharpener,74.0,131.67,2024-06-15,Mcguire Inc
Colored pencils,51.0,209.37,2024-12-18,"  Wilson, Davis and Wood  "
Sharpener,12.0,187.06,2025-04-23,Graham-Lewis
Clipboard,69.0,292.98,2024-06-18,Lawson-Smith
page flags,139.0,112.77,2024-08-17,  Mack-Miller  
Graphing calculator,89.0,349.16,2024-05-15,"Edwards, Jefferson and Campbell"
Water bottle,125.0,141.37,2024-12-29,Stephenson-Adams
#2 Pencil,40.0,194.38,2024-06-17,Wilson Ltd
Backpack,,,2024-09-25,"Parsons, Logan and Guerrero"
#2 Pencil,13.0,354.33,2025-03-02,"  Hall, Parker and Cochran  "
Ruler,91.0,297.1,2025-04-29,Brown LLC
Graph paper,143.0,461.37,2024-10-01,Ramirez Inc
  Safety scissors  ,61.0,214.32,2025-02-28,Bauer-King
Dividers with tabs,120.0,434.55,2024-12-30,Wood-Little
  #2 Pencil  ,76.0,21.23,2025-04-23,Cooper Group
Glue stick & liquid glue,21.0,318.87,2024-05-14,Lamb-Coleman
Erasers,24.0,,2024-08-30,Conner and Sons
Lab notebook,132.0,333.92,2025-04-05,  Carpenter-York  
Mechanical pencil,91.0,256.45,2025-04-21,"Jones, Waters and Parsons"
  Highlighter  ,87.0,221.07,2024-08-23,Jones-Patton
Tablet,121.0,174.24,2024-08-02,Rodriguez LLC
Colored pencils,140.0,445.64,2025-01-06,"Mccarthy, Hernandez and Fischer"
  Tissues  ,125.0,186.87,2025-04-22,Lang-Barron
Clipboard,59.0,94.13,2024-09-14,"Smith, Silva and Price"
Water bottle,134.0,229.16,2025-03-09,Jones and Sons
Red pen,26.0,437.55,2024-06-30,"King, Alvarez and Warner"
Highlighter,141.0,306.46,2024-07-03,Mitchell-Brown
Lunch box or bag,127.0,221.78,2024-12-27,Medina Ltd
Charger & extension cord,124.0,119.11,2024-09-11,"Brown, Scott and Mendoza"
Tablet,23.0,111.97,2025-03-13,Jacobs-Johnson
Graphing calculator,110.0,149.93,2025-03-01,  Clements-Randall  
Graphing calculator,28.0,444.89,2024-11-24,"  Green, English and Anderson  "
Graphing calculator,95.0,138.69,2025-01-05,Hansen LLC
Hand sanitizer,36.0,86.47,2025-05-02,Lewis Group
#2 Pencil,22.0,404.37,2024-08-22,"Reilly, Nelson and Cross"
Tissues,13.0,,2024-09-05,Taylor Ltd
Crayons or watercolor paints,142.0,379.71,2024-08-02,"Anderson, Ortiz and Collins"
  Loose-leaf paper  ,111.0,147.39,2025-05-07,Mckenzie-Martin
  3-ring binders  ,46.0,390.19,2024-05-15,Jenkins-Pierce
Mouse,137.0,26.19,2024-06-22,"Barrett, Jones and Williams"
Graphing calculator,125.0,220.84,2025-01-17,Ward-Flores
Mouse,73.0,248.35,2024-10-27,Mitchell-Sutton
Sharpener,100.0,374.95,2025-05-03,Jordan-Cross
Sticky notes,60.0,132.29,2024-07-15,Fuller Inc
markers,93.0,327.86,2025-04-20,Chen-Perez
#2 Pencil,34.0,79.26,2025-03-01,"Willis, Dixon and Allison"
Blue pen,21.0,464.84,2025-01-29,"Mccarty, Jones and Anderson"
Glue stick & liquid glue,58.0,479.6,2024-08-22,"Williams, Powers and Blankenship"
  Compass  ,92.0,146.33,2025-05-04,"  Gonzales, Jones and Bailey  "
markers,47.0,228.81,2024-06-19,Stewart and Sons
Hand sanitizer,115.0,111.26,2024-12-21,"Walton, Gibbs and Doyle"
Lunch box or bag,142.0,140.36,2024-06-26,Allen Inc
Compass,142.0,417.99,2024-11-19,"Turner, Sanchez and Deleon"
page flags,85.0,237.15,2025-01-05,Mclean-Anderson
Erasers,15.0,,2024-10-31,"Burgess, Hunter and Smith"
Graph paper,34.0,362.02,2025-01-05,  Cooper-Middleton  
Pencil case,103.0,41.39,2024-08-21,"Salazar, Schaefer and Green"
Scientific calculator,,48.99,2024-12-25,Oliver-Moore
Pencil pouch,28.0,453.12,2024-10-31,"King, Cole and Tyler"
Tablet,22.0,83.73,2024-05-24,Garcia-Garcia
  Lined notebooks or composition books  ,129.0,409.96,2024-10-21,Richardson Inc
Red pen,62.0,,2025-05-07,Frye-Lopez
  Colored pencils  ,38.0,39.89,2024-12-19,Sullivan-Maxwell
Protractor,78.0,207.97,2024-06-29,"  Small, Wolf and Walker  "
Colored pencils,94.0,469.45,2024-09-13,Myers-Gallegos
Sharpener,119.0,,2024-06-22,Webster-Armstrong
Clipboard,25.0,301.13,2025-03-11,  Sanchez-Smith  
USB flash drive,77.0,142.8,2024-05-10,"Ramsey, Harrington and Richardson"
Headphones or earbuds,106.0,27.56,2024-11-11,Turner LLC
Crayons or watercolor paints,85.0,180.54,2024-12-07,Fox and Sons
Dividers with tabs,71.0,205.71,2025-02-03,Patrick-Griffith
Charger & extension cord,22.0,407.34,2025-02-19,"Brown, Stewart and Jenkins"
Folder,82.0,347.99,2025-01-29,Lawrence-Fox
Dividers with tabs,109.0,,2024-07-12,White LLC
  Black pen  ,39.0,,2024-12-06,Stewart Ltd
Art sketchbook,80.0,170.92,2024-06-29,"Grimes, Wilson and Gonzales"
Lined notebooks or composition books,66.0,431.7,2025-04-18,  Wolfe-Baker  
Sticky notes,127.0,357.74,2025-02-18,"Greene, Blackburn and Hamilton"
  Red pen  ,51.0,304.87,2024-07-24,"Webster, Johnson and Smith"
Backpack,76.0,125.79,2024-10-31,Dawson Ltd
Graph paper,89.0,401.38,2024-09-19,"Bradley, Waller and Arroyo"
USB flash drive,114.0,73.92,2024-06-13,"Montgomery, Griffin and Nichols"
Sharpener,99.0,454.49,2024-09-19,Ortiz-West
Construction paper,41.0,422.88,2024-08-24,"Phillips, Roberson and Johnson"
Mechanical pencil,15.0,55.45,2024-05-24,Mendoza and Sons
Tablet,66.0,171.17,2025-02-17,"Gomez, Taylor and Swanson"
Dividers with tabs,144.0,31.71,2025-04-23,Taylor Ltd
Charger & extension cord,120.0,427.47,2024-11-24,Todd-Rogers
Pencil pouch,94.0,370.18,2024-11-12,"  Tate, Price and Kelley  "
USB flash drive,128.0,77.76,2024-11-18,"Smith, Mccormick and Park"
page flags,37.0,347.38,2025-04-04,Silva-Gonzalez
  Water bottle  ,47.0,30.92,2024-07-25,Owens Inc
Folder,82.0,339.31,2024-12-17,Willis and Sons
Index cards,78.0,74.95,2024-08-12,Beard-Scott
Index cards,67.0,81.3,2024-09-05,Browning Group
Water bottle,,331.28,2024-06-15,Jones PLC
Water bottle,80.0,478.56,2025-02-22,Jones Ltd
Folder,130.0,344.35,2025-03-19,Silva-Barber
  Hand sanitizer  ,27.0,,2024-06-15,"Mcdonald, Johnson and Hendrix"
Lunch box or bag,98.0,391.22,2025-02-17,Best-Orozco
Ruler,82.0,461.26,2025-02-21,Miller and Sons
3-ring binders,126.0,346.91,2025-03-18,"Watson, Waters and Vega"
Hand sanitizer,12.0,426.27,2025-03-30,Cochran-Hatfield
  Water bottle  ,129.0,101.82,2024-10-01,Thomas PLC
Dividers with tabs,98.0,412.99,2024-05-15,"Powers, Yoder and Davis"
Crayons or watercolor paints,28.0,268.82,2025-04-14,Lambert and Sons
Blue pen,119.0,120.52,2025-03-21,Allen PLC
page flags,24.0,204.37,2025-02-13,Martin-Lee
3-ring binders,35.0,41.28,2024-07-12,Malone LLC
Dividers with tabs,122.0,173.17,2024-08-02,"Thomas, Nunez and Mullins"
Folder,80.0,34.46,2024-05-16,Jenkins and Sons
Water bottle,75.0,133.84,2024-08-14,Hart Group
Scientific calculator,51.0,440.83,2025-03-04,"Khan, Potter and Wilson"
Laptop,,133.4,2024-06-27,Mitchell-Blake
  Mouse  ,43.0,275.63,2024-10-29,"King, Knapp and Rush"
Backpack,66.0,176.06,2025-02-20,"Huff, Smith and Wood"
Water bottle,117.0,336.33,2024-12-08,"  Mccann, Lee and Jensen  "
Scientific calculator,110.0,411.59,2024-07-13,Bernard-Miller
Sharpener,104.0,445.78,2025-03-02,Burns PLC
  Graphing calculator  ,25.0,490.34,2024-08-26,"Hawkins, Abbott and Alvarez"
Hand sanitizer,61.0,89.91,2024-09-21,"Bradley, Turner and Barr"
Backpack,,149.39,2025-02-18,Smith-Wood
Laptop,18.0,468.21,2024-09-25,"Haynes, Wood and Thomas"
  Dividers with tabs  ,57.0,422.49,2024-10-25,"Thomas, Logan and Phillips"
Lined notebooks or composition books,74.0,363.46,2025-02-25,Frank PLC
Laptop,23.0,415.71,2024-11-03,Hood-Cook
Lined notebooks or composition books,21.0,107.91,2025-03-27,Richardson Ltd
Mouse,94.0,210.64,2025-01-20,Moore Ltd
Pencil case,110.0,470.4,2025-02-19,Young-Hensley
Folder,73.0,274.62,2024-11-14,Hebert Ltd
Scientific calculator,84.0,382.57,2024-09-13,Lara-Christian
Scientific calculator,21.0,220.71,2024-05-26,  Patterson PLC  
Graphing calculator,81.0,219.89,2024-09-09,Russell LLC
markers,79.0,352.72,2024-09-18,Robinson LLC
  Laptop  ,40.0,474.77,2024-06-22,Young PLC
Sticky notes,66.0,463.53,2024-10-29,Anderson Inc
Lunch box or bag,36.0,369.98,2025-03-18,"Johnson, Shaw and Rodriguez"
Blue pen,45.0,256.72,2024-08-23,Eaton-Nunez
  markers  ,93.0,267.7,2025-02-01,Murphy PLC
Ruler,78.0,43.95,2024-10-08,"Werner, Sanchez and Long"
Clipboard,17.0,420.07,2024-12-23,"Howard, Fox and Hubbard"
Pencil case,131.0,387.68,2024-07-03,"Garcia, Garrett and Johnston"
  Safety scissors  ,124.0,80.36,2024-07-26,"  Scott, Jones and Adams  "
Pencil case,106.0,312.56,2024-05-27,Knight and Sons
Hand sanitizer,127.0,489.37,2024-11-28,"Myers, Hamilton and Miller"
Ruler,45.0,45.63,2025-03-17,"Owens, Franco and Martin"
Headphones or earbuds,144.0,41.21,2025-02-21,Deleon LLC
Backpack,117.0,144.34,2025-03-12,Brown PLC
Lunch box or bag,40.0,168.76,2025-04-18,Reid Ltd
#2 Pencil,119.0,20.02,2024-11-06,Hamilton-Robertson
Mechanical pencil,39.0,57.86,2024-12-23,Herring-Young
Lunch box or bag,17.0,308.19,2025-03-07,"Hall, Wang and Ferguson"
Laptop,119.0,488.71,2025-02-24,Carpenter Inc
Highlighter,137.0,497.76,2024-10-12,"Preston, Scott and Jackson"
markers,52.0,485.76,2025-04-16,"Anderson, Benson and Lowe"
Erasers,83.0,,2025-04-06,  Harvey-Hernandez  
Clipboard,108.0,32.83,2024-06-19,"Torres, Winters and Myers"
Sticky notes,29.0,491.89,2024-05-10,"Torres, Allen and Gill"
Mouse,116.0,221.3,2025-04-09,Anderson and Sons
Lunch box or bag,22.0,149.34,2025-01-20,Long Inc
Folder,70.0,49.52,2024-08-30,"Martinez, Hoffman and Williams"
Mechanical pencil,17.0,214.82,2024-10-30,Bautista-Wade
  Crayons or watercolor paints  ,103.0,470.83,2025-03-12,Anderson-Maldonado
Headphones or earbuds,,250.16,2025-02-23,  Lopez-Fox  
Mouse,76.0,391.78,2024-05-22,Turner PLC
Loose-leaf paper,65.0,482.15,2024-11-20,"Bonilla, Houston and Scott"
Graph paper,107.0,253.24,2024-06-19,Holmes PLC
Protractor,103.0,216.62,2025-01-03,"White, Barker and Lopez"
#2 Pencil,92.0,31.57,2024-06-07,"  Parker, Davidson and Brennan  "
Headphones or earbuds,58.0,295.79,2024-05-20,Chambers Inc
Loose-leaf paper,136.0,36.96,2024-05-09,Campbell-Abbott
Laptop,111.0,144.29,2024-09-22,Howard-Hudson
Protractor,33.0,367.59,2024-09-20,Frazier and Sons
Mechanical pencil,124.0,377.29,2025-01-29,"Clements, Marquez and Morris"
Erasers,61.0,78.03,2025-04-18,"Adams, Martin and Webb"
Clipboard,110.0,482.31,2025-04-03,"Davis, Roberts and Butler"
Charger & extension cord,141.0,322.53,2025-02-05,"  Jones, Jackson and Daniels  "
Colored pencils,60.0,273.36,2024-06-14,Morgan Group
Loose-leaf paper,58.0,61.1,2024-12-16,"French, Rubio and Ward"
Headphones or earbuds,51.0,83.48,2024-10-25,Nunez PLC
Safety scissors,32.0,384.28,2024-05-30,Fisher Group
Art sketchbook,108.0,248.88,2024-06-06,Walker-Torres
USB flash drive,88.0,487.88,2024-11-16,Daugherty Ltd
Erasers,12.0,443.85,2024-06-08,Juarez Inc
Mouse,54.0,281.28,2024-06-17,Thompson-Brown
Ruler,31.0,109.58,2024-07-28,  Carter Ltd  
Charger & extension cord,130.0,12.92,2024-08-08,Pena and Sons
Protractor,78.0,443.49,2024-12-23,Mason LLC
Crayons or watercolor paints,78.0,38.75,2025-05-07,Evans-West
Headphones or earbuds,90.0,447.69,2024-06-20,Hughes-Friedman
Dividers with tabs,126.0,353.94,2024-09-10,"Francis, Thomas and Ward"
Blue pen,,,2024-09-11,Mitchell Inc
  Clipboard  ,55.0,473.82,2024-06-26,Wright LLC
Scientific calculator,80.0,310.54,2024-09-09,Richardson Ltd
Laptop,43.0,316.64,2024-05-12,"Robinson, Campbell and Wilcox"
Highlighter,24.0,265.39,2024-11-09,Barrera PLC
Pencil pouch,101.0,485.51,2025-03-01,Hunter-Franklin
Backpack,34.0,218.7,2025-02-27,"Jackson, Morgan and Griffin"
Compass,132.0,251.83,2024-06-11,"Miller, Ward and Parsons"
Art sketchbook,45.0,75.47,2025-04-11,  Parker Ltd  
Safety scissors,95.0,69.98,2024-05-23,"Hernandez, Duarte and Reyes"
Construction paper,94.0,94.66,2025-01-02,Baker and Sons
  Tissues  ,46.0,450.22,2024-05-25,Roy LLC
Tablet,27.0,436.3,2025-04-07,"Davis, Kane and Carpenter"
Sharpener,110.0,20.15,2024-07-13,  Elliott PLC  
Tissues,37.0,167.94,2024-11-06,Bush Group
page flags,123.0,268.85,2025-02-04,Shannon Inc
Dividers with tabs,30.0,243.36,2024-08-06,Jones LLC
Folder,134.0,363.36,2025-02-10,"Frazier, James and Payne"
Red pen,119.0,73.51,2024-07-28,"  Norton, Gordon and Walker  "
Colored pencils,108.0,261.28,2025-01-26,Adams Ltd
Pencil pouch,61.0,179.52,2024-07-06,  Miller-Smith  
  Folder  ,135.0,,2025-03-28,"Hernandez, Sparks and Harvey"
Pencil case,135.0,327.12,2025-02-10,Lucas LLC
Glue stick & liquid glue,34.0,263.56,2024-06-14,Santiago Inc
Compass,17.0,433.23,2025-03-20,Vaughan-Wagner
Lunch box or bag,81.0,192.16,2025-05-06,Burns-Martin
  Tablet  ,42.0,363.81,2024-10-30,Sims PLC
Headphones or earbuds,44.0,383.88,2025-01-12,"Wright, Osborn and Parker"
  Colored pencils  ,138.0,203.69,2024-12-21,Valenzuela-Salazar
  Safety scissors  ,45.0,489.99,2024-09-07,Copeland Group
Graph paper,104.0,162.04,2025-02-05,Carter-Arellano
Pencil case,90.0,389.55,2024-08-13,Moore and Sons
Graph paper,127.0,374.63,2024-12-28,Schneider-Page
Protractor,37.0,39.0,2024-07-24,Hines Ltd
  Water bottle  ,113.0,258.86,2024-12-06,Adams LLC
Water bottle,71.0,237.13,2025-02-16,Lucero-Berg
Index cards,53.0,187.04,2024-12-29,"  Stone, Ali and Jones  "
Loose-leaf paper,16.0,457.84,2024-07-20,Barrett-Casey
Index cards,34.0,242.75,2025-02-05,"Washington, Morgan and Stewart"
Glue stick & liquid glue,97.0,138.27,2024-09-20,Martinez Group
Tablet,137.0,442.68,2024-11-12,  Gray LLC  
Art sketchbook,60.0,481.07,2024-06-30,Barr PLC
Charger & extension cord,112.0,183.6,2024-12-15,"Snyder, Parker and Barnes"
Graph paper,144.0,334.19,2024-09-07,Francis LLC
Tablet,95.0,161.22,2025-04-23,Kerr-King
USB flash drive,131.0,144.12,2024-11-23,Murphy and Sons
Lined notebooks or composition books,63.0,396.63,2025-04-03,Webb-Garcia
Colored pencils,86.0,426.05,2024-07-20,"Mcdonald, Williams and Hall"
Compass,69.0,115.2,2025-03-26,Thomas-Hernandez
Pencil pouch,14.0,486.63,2024-09-17,Sims-Nash
Mouse,140.0,101.68,2024-06-15,Jimenez Inc
Safety scissors,93.0,180.31,2024-11-06,"  Peters, Garcia and Mason  "
Crayons or watercolor paints,29.0,145.99,2025-04-02,Hodges-Larson
Backpack,72.0,192.54,2025-02-09,Guzman-Kelly
Dividers with tabs,17.0,487.91,2024-11-17,Mitchell Inc
Highlighter,126.0,218.32,2024-10-31,"Douglas, Bowen and Short"
Crayons or watercolor paints,39.0,356.47,2025-01-24,"Hampton, Rodriguez and Chambers"
#2 Pencil,43.0,260.77,2025-04-05,  Richards Group  
  Charger & extension cord  ,28.0,36.69,2024-07-16,Singh Group
Laptop,22.0,75.0,2025-02-16,Allen-Fischer
Protractor,31.0,133.35,2025-03-17,Pittman-Ponce
Pencil pouch,25.0,391.23,2025-02-23,Douglas Group
Compass,130.0,,2024-09-05,Long Ltd
Lined notebooks or composition books,32.0,51.44,2025-04-07,Mccoy-Carlson
Construction paper,113.0,20.33,2024-09-28,Benjamin and Sons
Blue pen,111.0,494.18,2024-05-17,Bean Ltd
Scientific calculator,88.0,402.46,2025-03-02,Dawson-Jimenez
Safety scissors,111.0,341.53,2024-06-04,Haynes-Collins
3-ring binders,96.0,495.03,2024-07-17,Short PLC
#2 Pencil,27.0,170.75,2024-05-24,Brooks Group
Colored pencils,38.0,163.51,2024-09-22,Moran Ltd
USB flash drive,98.0,492.42,2024-06-15,"Curtis, Waller and Lee"
page flags,52.0,158.15,2024-11-26,"Jones, Ellis and Morton"
Dividers with tabs,70.0,25.43,2024-05-20,"Howard, Franklin and Bell"
Art sketchbook,115.0,400.99,2024-08-18,Nelson-Rhodes
USB flash drive,63.0,36.0,2024-10-21,Cain-Lopez
Graph paper,144.0,163.13,2025-01-17,Elliott Group
Construction paper,70.0,249.37,2025-01-03,"Fox, Boyd and Mayo"
Hand sanitizer,135.0,209.19,2024-07-30,  Garza and Sons  
Crayons or watercolor paints,95.0,376.42,2024-09-25,"Poole, Wallace and Matthews"
#2 Pencil,103.0,440.25,2024-11-17,Spence Inc
Tissues,24.0,399.3,2024-12-30,Wu-Gaines
  Protractor  ,72.0,350.27,2024-09-02,Campbell-Davenport
Graphing calculator,63.0,197.25,2025-03-26,"Brown, Robinson and Mann"
Blue pen,95.0,23.2,2024-05-09,Perry-Vargas
USB flash drive,33.0,439.24,2024-06-02,Henry-Cunningham
Charger & extension cord,118.0,160.32,2025-02-11,"  Reed, Miller and Mata  "
Headphones or earbuds,14.0,395.34,2025-01-14,  Mcdonald Ltd  
Ruler,73.0,,2024-05-19,Carter-Miles
  Construction paper  ,86.0,79.32,2024-07-25,"Jackson, Burton and Rosales"
#2 Pencil,17.0,384.86,2024-05-23,Spencer-Mcdaniel
Sharpener,18.0,47.66,2025-03-12,Jackson-Kemp
Laptop,99.0,479.3,2024-05-17,Diaz and Sons
Water bottle,134.0,481.55,2025-05-03,"Ortiz, Johnson and Solomon"
  3-ring binders  ,62.0,319.47,2024-05-23,  Lewis-Mcbride  
page flags,57.0,354.68,2024-07-13,Frederick Inc
Safety scissors,25.0,313.11,2024-12-01,Young Inc
Lined notebooks or composition books,90.0,56.3,2024-11-11,"Freeman, Rivera and Valencia"
Erasers,64.0,46.41,2024-11-14,Evans-Harper
Lined notebooks or composition books,111.0,86.24,2025-02-03,"Rodriguez, Robbins and Thompson"
Glue stick & liquid glue,135.0,423.01,2024-08-16,Jensen-Gomez
Water bottle,85.0,270.33,2025-05-07,Jenkins-Pham
  markers  ,44.0,444.38,2024-09-18,"Huff, Weaver and Palmer"
Scientific calculator,65.0,258.67,2024-06-12,Osborn Group
Protractor,127.0,452.92,2025-02-23,  Brown-Garcia  
Black pen,140.0,253.03,2025-05-04,"Johnson, Anderson and Turner"
Mechanical pencil,74.0,246.41,2024-08-07,"  Sanchez, Weber and Rhodes  "
#2 Pencil,45.0,226.74,2024-10-25,"Hernandez, Murphy and Williams"
page flags,122.0,436.33,2025-04-02,"Schneider, Ryan and Thomas"
#2 Pencil,139.0,482.9,2024-12-05,"Hodges, Rodriguez and Myers"
Scientific calculator,122.0,317.0,2024-05-31,"Drake, Wood and Hall"
page flags,78.0,35.37,2024-10-16,Gardner Group
page flags,81.0,317.29,2025-02-15,"Mccullough, Hill and Duffy"
Erasers,45.0,408.72,2024-10-09,"Leonard, Heath and Bradley"
Construction paper,67.0,354.18,2024-06-17,  French-Mccarty  
Mouse,108.0,301.96,2025-02-17,"Fernandez, Gutierrez and Stevens"
Hand sanitizer,102.0,496.41,2024-08-22,"Robinson, Reynolds and Smith"
Hand sanitizer,36.0,398.29,2025-02-12,Perkins and Sons
Lab notebook,91.0,129.3,2024-10-26,House-Durham
Compass,143.0,,2024-12-03,Mills-Williams
Tissues,116.0,483.79,2024-08-29,Carey-Callahan
Safety scissors,108.0,52.24,2025-02-28,  Lewis-Riley  
Clipboard,106.0,,2024-05-22,Lopez Inc
Mouse,,93.04,2024-07-22,Wood-Arnold
Hand sanitizer,19.0,478.58,2024-11-13,Thomas-Perez
Backpack,97.0,101.31,2024-12-25,Young Inc
Graph paper,132.0,458.41,2024-08-26,"Wong, Blair and Kennedy"
Loose-leaf paper,65.0,302.36,2024-12-15,  Hull and Sons  
Lined notebooks or composition books,113.0,462.9,2025-03-28,Moody Group
Mouse,41.0,142.69,2024-08-23,Oconnell-Russell
Tissues,113.0,87.78,2025-04-29,Morton-Williams
Highlighter,83.0,391.06,2024-12-08,Boyd Inc
Laptop,97.0,171.93,2024-12-03,Hansen-Smith
Ruler,83.0,116.01,2024-07-19,Watts and Sons
Graphing calculator,37.0,21.43,2025-02-21,Williams-King
Backpack,107.0,390.81,2024-10-14,"Perez, Cook and Hooper"
Backpack,15.0,242.62,2024-07-15,  Robbins PLC  
Red pen,54.0,21.19,2025-01-18,Aguirre and Sons
Charger & extension cord,40.0,446.06,2025-02-17,  Larsen LLC  
Protractor,107.0,445.07,2025-03-03,"Mendoza, Perez and Shaw"
Graph paper,114.0,67.97,2025-04-23,Rodgers-Smith
Erasers,91.0,299.53,2024-11-17,"  Clark, Rojas and Delacruz  "
  Tissues  ,45.0,408.48,2024-06-02,"Sanchez, Buck and Williams"
Mouse,117.0,467.04,2025-03-25,Ryan Inc
markers,68.0,298.78,2025-01-21,Hart-Brown
Lunch box or bag,24.0,433.59,2025-01-10,Anderson-Snyder
Loose-leaf paper,138.0,445.72,2024-09-05,"Hart, Clark and Martin"
  Water bottle  ,62.0,364.41,2025-04-15,  Harris-Patel  
  Lunch box or bag  ,123.0,242.39,2024-09-15,Goodman PLC
Ruler,91.0,417.17,2025-02-19,"Johnson, Baker and Peterson"
Graphing calculator,88.0,45.08,2025-05-09,Robles Group
Water bottle,126.0,304.11,2024-12-14,"Taylor, Nguyen and Romero"
Pencil pouch,142.0,96.37,2024-12-29,Blankenship Inc
Colored pencils,38.0,365.25,2024-05-25,  Larson-Jones  
Crayons or watercolor paints,45.0,46.34,2024-11-12,  Contreras Group  
Hand sanitizer,112.0,384.73,2024-06-01,"Carter, Maxwell and Stephenson"
Pencil case,41.0,,2024-10-03,"Holmes, Powers and Fischer"
  Loose-leaf paper  ,108.0,457.12,2025-03-13,"Melton, Turner and Rogers"
Pencil pouch,115.0,90.29,2025-04-11,"Harris, Sanchez and Adams"
Loose-leaf paper,46.0,88.62,2024-12-24,"Willis, Shannon and Lynn"
Erasers,110.0,266.75,2025-04-28,"Gallegos, Preston and Morales"
  #2 Pencil  ,66.0,466.24,2025-02-16,  Conrad PLC  
Graph paper,40.0,366.79,2024-11-13,Mendoza and Sons
Lined notebooks or composition books,72.0,262.4,2025-01-04,Price Group
Mouse,45.0,411.64,2024-08-30,Patton Inc
Laptop,141.0,103.57,2024-06-15,"Wells, Wang and Joseph"
Colored pencils,106.0,234.3,2024-12-16,Warren Group
Protractor,129.0,172.12,2024-07-23,Flores-Martinez
Highlighter,105.0,,2025-05-03,"Johnson, Williams and Beck"
Headphones or earbuds,39.0,294.51,2024-05-18,Stewart and Sons
USB flash drive,78.0,484.61,2025-01-11,Blair Ltd
Ruler,80.0,379.18,2025-03-17,Le Group
Mouse,54.0,357.0,2025-04-11,Hensley Group
  Erasers  ,58.0,79.13,2024-08-04,Simpson-Cobb
Construction paper,32.0,428.51,2025-04-01,"Diaz, Mcclain and Tucker"
Graph paper,143.0,484.46,2025-01-04,  Williams Ltd  
Mouse,26.0,95.4,2024-12-18,Scott-Schmidt
Lab notebook,123.0,329.96,2024-07-19,Brady-Owens
Folder,51.0,415.11,2025-04-12,"Davidson, Scott and Woodard"
  Pencil pouch  ,108.0,124.98,2025-03-06,Rogers-Griffin
Clipboard,13.0,69.7,2025-01-30,Cooper-Harris
Mechanical pencil,98.0,76.2,2025-04-26,Dudley PLC
Compass,,309.16,2024-10-02,Stone PLC
Erasers,20.0,168.81,2024-10-29,  Morales-Velazquez  
Construction paper,46.0,63.05,2025-03-04,Medina Inc
Lab notebook,139.0,,2025-04-29,"Mcknight, Jones and Branch"
Glue stick & liquid glue,82.0,315.81,2024-06-22,Cole-Howard
  Pencil pouch  ,43.0,58.38,2024-06-17,Phillips-Barber
Water bottle,59.0,171.61,2025-01-30,  Underwood LLC  
Backpack,127.0,253.88,2024-05-15,Martin Inc
Colored pencils,131.0,476.08,2025-01-06,Sullivan and Sons
Blue pen,21.0,88.05,2025-01-09,"Kelly, Clark and Galvan"
Water bottle,101.0,364.06,2025-04-13,Harris PLC
Sticky notes,71.0,,2024-09-22,"  Thomas, Perkins and Lee  "
Scientific calculator,135.0,343.82,2024-10-05,"Davis, Mcguire and Ortiz"
Crayons or watercolor paints,140.0,259.72,2024-05-10,Smith Inc
  Graphing calculator  ,86.0,45.46,2024-12-16,Brown Group
Scientific calculator,85.0,488.84,2025-02-05,  Mckay-Johnson  
Folder,80.0,374.75,2024-10-19,Taylor Ltd
#2 Pencil,110.0,257.93,2024-12-26,Espinoza-Cameron
Erasers,99.0,41.91,2025-03-09,Wolf Group
  Tissues  ,91.0,210.37,2024-06-11,"Smith, Wright and Williams"
Glue stick & liquid glue,19.0,293.83,2024-12-10,"Monroe, Carlson and Carlson"
Safety scissors,111.0,313.78,2024-08-31,"Strickland, Hunter and Hunt"
Loose-leaf paper,124.0,322.94,2024-11-07,"Morgan, Marshall and Martinez"
#2 Pencil,12.0,86.05,2024-09-16,Myers-Moore
  Folder  ,57.0,408.48,2024-10-12,"  Mitchell, Bond and Oconnor  "
  page flags  ,42.0,135.36,2024-11-29,White PLC
Clipboard,67.0,84.16,2024-06-24,Washington-Hernandez
Dividers with tabs,129.0,169.48,2024-05-17,"Mclaughlin, Davis and Williams"
Loose-leaf paper,19.0,332.69,2024-09-17,Cooper Inc
  Red pen  ,143.0,304.87,2025-03-30,Davenport-Knight
Mouse,95.0,319.28,2024-05-28,Caldwell-Fry
Sharpener,52.0,13.31,2024-10-14,Clark-Reynolds
Clipboard,96.0,384.88,2024-11-25,Callahan-Russell
Erasers,140.0,386.46,2024-09-04,Espinoza Group
Backpack,25.0,355.33,2025-05-01,Cooper-Anderson
#2 Pencil,51.0,84.9,2024-12-07,"Crosby, Clark and Harmon"
#2 Pencil,31.0,421.65,2024-05-25,"Smith, Brooks and Martin"
  Construction paper  ,43.0,471.57,2024-06-10,Larsen-Archer
3-ring binders,65.0,160.4,2024-12-07,Jones and Sons
Compass,26.0,109.31,2024-11-14,Griffin-Leonard
Lined notebooks or composition books,80.0,458.27,2025-04-15,Bush and Sons
Headphones or earbuds,139.0,323.89,2024-06-05,"Parker, Matthews and Foster"
USB flash drive,82.0,35.31,2025-02-15,"Graham, Decker and Lopez"
Glue stick & liquid glue,86.0,182.63,2024-07-25,Rodriguez LLC
Lined notebooks or composition books,137.0,274.97,2024-05-25,House-Adams
  Blue pen  ,14.0,97.32,2024-10-15,Drake-Mack
Black pen,67.0,26.56,2025-01-28,Monroe Inc
Mouse,74.0,41.46,2024-06-27,"Rivera, Mendez and Serrano"
markers,,72.81,2025-04-12,"Smith, Howard and Wilson"
  Glue stick & liquid glue  ,84.0,103.97,2025-01-26,Bailey-Torres
Art sketchbook,144.0,126.8,2024-09-12,  Gilbert-Warner  
Compass,125.0,479.76,2025-04-20,Schultz-Mendoza
Pencil case,124.0,103.51,2024-08-08,Holder PLC
Tablet,69.0,105.3,2025-01-19,"Reilly, Wright and Crawford"
Water bottle,39.0,412.37,2024-12-02,Brooks-Fields
Charger & extension cord,16.0,280.19,2025-03-01,"Duran, Ray and Mora"
Loose-leaf paper,124.0,75.34,2025-01-18,"Davis, Shah and Roberts"
Glue stick & liquid glue,41.0,278.88,2024-09-25,Williams Ltd
#2 Pencil,99.0,476.26,2024-05-19,Dickerson Inc
Headphones or earbuds,115.0,396.14,2025-01-02,Luna Inc
Erasers,125.0,282.24,2024-09-23,"Jones, Martinez and Walker"
Crayons or watercolor paints,79.0,18.18,2024-11-22,Lindsey-Patel
Erasers,26.0,493.47,2025-02-23,"Figueroa, Berry and Madden"
Erasers,101.0,330.69,2024-07-30,"Singh, Duran and Roth"
Ruler,55.0,,2025-02-06,Hendrix Ltd
Construction paper,66.0,,2025-03-22,Richard-Murphy
Colored pencils,85.0,308.27,2024-10-01,Shepherd-Williams
Dividers with tabs,93.0,465.62,2024-09-15,"  Ward, Wallace and Thomas  "
Backpack,18.0,78.75,2025-01-02,  Cherry-Stephens  
Art sketchbook,137.0,12.89,2025-05-07,  Ramirez-Martinez  
Highlighter,118.0,444.04,2025-02-28,Carr Ltd
Clipboard,23.0,410.37,2025-01-02,"Larson, Yang and Weber"
Tissues,33.0,282.3,2024-05-09,Dawson-Molina
Construction paper,119.0,230.14,2024-08-27,"  Blake, Barry and Floyd  "
  Headphones or earbuds  ,135.0,463.41,2025-04-15,Schaefer and Sons
Safety scissors,141.0,140.82,2025-01-22,West-Holmes
Dividers with tabs,134.0,186.59,2024-07-01,Castro Inc
Loose-leaf paper,61.0,129.63,2025-04-21,"  Johnson, Smith and Cole  "
Ruler,97.0,289.37,2024-09-08,"Travis, Campbell and Guzman"
  Headphones or earbuds  ,129.0,339.27,2024-12-09,"Flores, Gonzales and Mccoy"
Folder,28.0,106.49,2024-11-14,"Bush, Johnson and Brown"
Compass,133.0,144.74,2024-09-19,  Aguirre LLC  
Scientific calculator,,243.15,2024-08-25,Zhang-Allen
Blue pen,33.0,368.48,2024-10-09,Avery Ltd
Tissues,119.0,29.62,2024-08-21,Walker-Wall
Erasers,28.0,24.85,2024-05-15,Briggs and Sons
Colored pencils,18.0,,2024-09-11,Marshall-Jones
Glue stick & liquid glue,,429.34,2024-08-11,Humphrey-James
  Glue stick & liquid glue  ,141.0,464.22,2024-07-03,Jones LLC
Hand sanitizer,104.0,,2025-01-01,Bell-Perry
Water bottle,28.0,115.98,2024-11-16,Spencer-Allen
#2 Pencil,20.0,464.49,2024-06-20,Spencer Ltd
markers,,489.0,2024-10-26,Pratt-Martinez
Charger & extension cord,60.0,,2024-07-11,Owen Inc
Headphones or earbuds,70.0,387.5,2025-02-02,Zamora Inc
Graphing calculator,64.0,246.04,2025-02-12,Burton-Hernandez
  Protractor  ,128.0,229.81,2025-05-03,Freeman Inc
Sticky notes,123.0,38.31,2024-08-11,Wood-Moreno
Black pen,13.0,319.19,2024-05-14,Serrano and Sons
  Mechanical pencil  ,114.0,14.44,2025-01-22,Shepard PLC
Loose-leaf paper,68.0,289.87,2025-05-09,Lewis-Summers
  Mechanical pencil  ,108.0,378.25,2024-11-06,Lopez-Page
Tablet,73.0,165.43,2025-01-10,Nixon Inc
Construction paper,121.0,,2024-11-19,"Arnold, Stokes and Carr"
Laptop,132.0,299.47,2024-11-02,  Martinez Inc  
Clipboard,129.0,209.19,2024-07-13,"Williams, Reid and Parsons"
Art sketchbook,38.0,33.44,2024-08-15,Johnson-Clark
Index cards,19.0,169.92,2025-03-08,  Armstrong LLC  
Lined notebooks or composition books,67.0,205.19,2024-05-22,"Brown, Wagner and Martinez"
  USB flash drive  ,130.0,409.52,2024-09-12,"  Wilson, Willis and Dennis  "
Red pen,28.0,35.98,2025-02-01,"Smith, Jones and May"
#2 Pencil,47.0,167.83,2024-12-04,Mitchell and Sons
  Graphing calculator  ,135.0,271.14,2024-11-02,"Stevenson, Perkins and Sherman"
Art sketchbook,28.0,53.59,2025-02-28,Hensley-Ingram
Sharpener,,157.22,2024-08-16,Hunter and Sons
Lab notebook,46.0,232.16,2024-11-11,"Gates, Freeman and Bright"
markers,82.0,112.18,2024-05-13,"Wallace, Ellis and Davis"
Compass,68.0,209.29,2024-07-27,  Nelson-Hill  
Compass,136.0,297.65,2024-11-29,Bailey LLC
Pencil case,46.0,383.92,2025-04-20,"Reynolds, Sanchez and Greene"
Protractor,141.0,116.3,2024-05-23,  Graham-Anthony  
Sticky notes,53.0,92.89,2024-12-13,"Phillips, Johnson and Torres"
Sticky notes,98.0,197.44,2025-05-07,"Deleon, Reid and Mills"
Protractor,35.0,,2024-12-19,  Collins Ltd  
Loose-leaf paper,65.0,409.79,2025-01-08,  Ward-Turner  
Glue stick & liquid glue,104.0,174.82,2024-08-27,Wilson LLC
Backpack,39.0,169.75,2025-02-26,Ross-Williams
Headphones or earbuds,25.0,126.2,2025-03-25,Rangel Ltd
Charger & extension cord,17.0,10.53,2024-05-23,"  Mccarthy, White and Doyle  "
3-ring binders,15.0,308.65,2025-02-17,Parsons PLC
#2 Pencil,,382.32,2025-02-02,Smith-Webb
3-ring binders,117.0,377.79,2024-09-14,Moore-Evans
Graph paper,87.0,214.0,2025-02-14,"  Young, Hall and Brewer  "
Water bottle,140.0,488.68,2024-09-02,Moore and Sons
  Red pen  ,25.0,321.92,2024-08-29,Barron Ltd
USB flash drive,80.0,251.04,2025-04-02,  Perez and Sons  
Highlighter,74.0,438.13,2024-12-20,Hall-Wong
Compass,126.0,378.1,2024-06-04,"Owens, Reynolds and Taylor"
Tablet,84.0,383.49,2024-09-22,Vargas-Kennedy
Backpack,81.0,192.88,2024-11-08,Rodriguez-Wagner
Lab notebook,108.0,36.55,2025-01-02,Marquez Inc
Backpack,43.0,229.86,2024-08-14,Faulkner Ltd
#2 Pencil,12.0,48.58,2024-10-31,Leonard Group
Graph paper,114.0,333.91,2025-03-08,"Bautista, White and Jones"
Highlighter,21.0,15.63,2024-06-13,Sharp PLC
Laptop,69.0,225.86,2025-02-26,Barrera-Garcia
Headphones or earbuds,126.0,118.73,2024-06-13,Robinson Inc
Erasers,118.0,287.55,2024-12-02,"Webb, Jenkins and Coffey"
Art sketchbook,124.0,42.27,2025-01-11,"Smith, Wheeler and Davis"
Lab notebook,96.0,,2024-10-08,Hunter and Sons
#2 Pencil,116.0,39.59,2025-04-08,"Ryan, Hughes and Butler"
Folder,97.0,48.08,2024-12-15,Owens LLC
Dividers with tabs,46.0,71.55,2024-10-19,"Boyd, Everett and Graham"
Mechanical pencil,112.0,123.43,2024-05-22,Willis-Harris
Tablet,18.0,213.97,2025-03-24,Norton Group
  Black pen  ,117.0,459.49,2024-07-18,"Norris, Boyd and Miller"
3-ring binders,71.0,305.43,2025-03-06,"Smith, Young and Munoz"
markers,92.0,57.84,2024-07-22,Smith Group
Scientific calculator,106.0,66.13,2025-01-18,"Morgan, Johnson and Cooper"
Highlighter,42.0,43.68,2024-09-29,Miller Group
Safety scissors,116.0,84.84,2025-01-03,Escobar-Shannon
Charger & extension cord,111.0,101.36,2025-01-16,Harmon-Gray
Mouse,138.0,400.83,2024-12-29,Miller-Cabrera
Scientific calculator,113.0,284.08,2025-02-01,Wright-Salinas
Compass,67.0,256.45,2024-11-17,Jones Group
Construction paper,59.0,36.38,2025-01-15,Guzman Group
Pencil pouch,105.0,32.77,2025-04-29,Paul-Pierce
Highlighter,23.0,200.93,2024-08-29,Richardson LLC
Index cards,13.0,490.02,2024-05-23,Martin-White
Protractor,134.0,466.15,2025-01-20,Shepherd-Lewis
Compass,,218.02,2024-12-29,Moore and Sons
Protractor,43.0,181.42,2025-03-11,Chavez Group
  Glue stick & liquid glue  ,25.0,186.96,2024-12-05,Fox-Carlson
Lined notebooks or composition books,111.0,58.85,2024-07-29,Gray Ltd
Mechanical pencil,111.0,227.77,2024-09-26,Vargas LLC
page flags,140.0,,2025-03-24,"Jackson, Garcia and Young"
3-ring binders,39.0,67.89,2024-10-01,Lang-Conley
Erasers,40.0,205.83,2025-03-12,"Lee, Walker and Harris"
Hand sanitizer,47.0,162.78,2024-05-09,  Cox Ltd  
Pencil pouch,34.0,324.49,2024-10-17,"Holt, Griffin and Long"
Red pen,131.0,355.6,2024-10-12,"Johnston, Brown and Hurley"
Compass,51.0,444.74,2025-01-10,Jordan-Christensen
Art sketchbook,53.0,369.29,2025-01-14,  Hudson-Franco  
Pencil pouch,143.0,105.09,2025-01-23,Johnson PLC
Sharpener,15.0,440.28,2025-01-27,Chandler Inc
Pencil case,123.0,22.26,2024-08-22,"Taylor, Kaiser and Walker"
Sharpener,107.0,297.04,2024-12-21,Brandt-Davis
#2 Pencil,38.0,312.7,2025-04-04,"Rosario, Woodward and Long"
Dividers with tabs,95.0,184.33,2024-05-31,Johnson Group
markers,100.0,81.96,2025-04-18,Tucker-Allison
Black pen,114.0,388.17,2024-12-18,Lamb LLC
  Erasers  ,112.0,190.74,2025-04-02,Simpson-Burgess
Backpack,108.0,445.31,2024-12-02,Mcdonald-Taylor
Red pen,137.0,499.17,2024-11-04,"Morrison, Harper and Harrington"
Graph paper,,22.88,2025-04-29,Bishop-Douglas
Tablet,57.0,22.22,2024-07-10,Price Ltd
Water bottle,140.0,27.87,2024-08-31,"Nguyen, Brown and Lee"
Folder,124.0,238.79,2025-02-24,Yang Inc
  Pencil case  ,139.0,241.63,2025-02-06,Ellis Group
Red pen,99.0,,2025-01-03,"Summers, Gallagher and Sweeney"
Mouse,45.0,188.9,2024-09-13,Luna-Browning
Index cards,106.0,279.54,2024-11-03,Dixon LLC
  Compass  ,76.0,452.38,2025-02-27,"Olson, Stevens and Thomas"
  Lab notebook  ,40.0,115.87,2024-10-25,Cross Ltd
Protractor,77.0,429.69,2025-02-26,Erickson-Garcia
Loose-leaf paper,92.0,30.87,2024-12-09,"Alvarez, Schroeder and Bruce"
3-ring binders,35.0,149.05,2025-04-08,Goodman Group
Glue stick & liquid glue,21.0,436.76,2025-03-01,Hunt Inc
Graphing calculator,32.0,473.31,2024-08-15,Bridges LLC
Construction paper,91.0,135.01,2025-04-13,Hall-Lopez
Graph paper,142.0,,2024-05-29,"Caldwell, Carpenter and Patel"
Lunch box or bag,101.0,232.38,2024-07-30,"Williams, Tran and Lloyd"
Hand sanitizer,121.0,372.57,2025-02-11,"Spencer, Hill and Mitchell"
Red pen,101.0,411.47,2024-08-15,Marshall-Mclaughlin
Crayons or watercolor paints,102.0,449.12,2025-03-01,Wilson Ltd
USB flash drive,48.0,389.47,2025-03-28,Taylor-Beck
Clipboard,132.0,163.43,2024-12-08,Jackson PLC
Tissues,48.0,310.07,2024-07-15,Mercer and Sons
Black pen,96.0,155.2,2025-02-12,  Taylor-Peterson  
Glue stick & liquid glue,107.0,293.55,2024-05-15,Price-Garcia
Construction paper,38.0,373.83,2025-01-14,  Banks PLC  
Construction paper,,198.02,2024-10-01,Combs LLC
Backpack,86.0,265.34,2024-11-02,"Burns, Castillo and Alvarado"
Water bottle,111.0,,2025-03-25,Avila and Sons
#2 Pencil,87.0,446.53,2025-03-26,  Pierce-Butler  
Lined notebooks or composition books,,26.18,2025-01-17,"Jones, Padilla and Spears"
Graph paper,121.0,374.8,2024-12-14,"Bishop, Miller and Wells"
Laptop,104.0,417.92,2024-10-03,Reid-Morris
Colored pencils,116.0,,2024-08-04,  Evans-Randall  
  Index cards  ,43.0,245.04,2024-07-01,May-Russell
Charger & extension cord,84.0,498.65,2024-10-17,"Johnson, Hudson and Nguyen"
Dividers with tabs,118.0,245.39,2024-10-10,Murphy and Sons
Charger & extension cord,82.0,69.79,2024-11-17,"Moore, Harrison and Wood"
  Crayons or watercolor paints  ,38.0,164.41,2024-06-18,Wise-Sutton
markers,129.0,113.37,2025-05-07,Montes and Sons
Erasers,75.0,406.31,2024-08-10,White and Sons
USB flash drive,31.0,79.01,2025-03-05,Martinez Inc
#2 Pencil,90.0,327.87,2024-07-25,"Mason, Brown and Chen"
#2 Pencil,45.0,45.18,2024-06-10,"Sherman, Alexander and Salazar"
Ruler,126.0,252.68,2025-03-09,"  Smith, Fisher and Henry  "
  Tissues  ,115.0,363.69,2024-10-28,Simon and Sons
Sticky notes,34.0,232.32,2024-10-01,Sanchez LLC
Headphones or earbuds,84.0,159.92,2024-08-25,"  Brown, Johnson and Conner  "
Index cards,141.0,147.3,2024-06-12,"Miller, Hull and Salas"
Construction paper,44.0,363.7,2025-03-26,  Lee Inc  
Black pen,,228.43,2025-01-31,"Gonzalez, Perkins and Howell"
Tissues,,459.44,2024-12-01,Woods LLC
markers,14.0,282.59,2024-10-01,"Thomas, Dudley and Moore"
#2 Pencil,51.0,53.52,2024-07-10,Greer LLC
Hand sanitizer,140.0,486.52,2024-12-04,"Murphy, Zimmerman and Abbott"
Highlighter,33.0,261.77,2024-07-22,"Page, Williams and Hall"
Hand sanitizer,77.0,332.68,2024-08-24,  Haney PLC  
Protractor,95.0,370.32,2024-07-28,"Hamilton, Bennett and Galloway"
Crayons or watercolor paints,72.0,278.54,2024-05-28,Erickson-Martin
Tissues,101.0,193.72,2024-12-15,Herrera-Bennett
Art sketchbook,50.0,104.64,2024-08-28,Long PLC
Loose-leaf paper,108.0,49.89,2024-09-17,"Mckinney, Turner and Cohen"
Backpack,81.0,332.66,2025-04-28,"Smith, Austin and Smith"
Highlighter,103.0,284.45,2024-09-30,"Mcintosh, Miller and Barnett"
Mouse,31.0,452.66,2024-06-07,Zhang-Lynn
Compass,74.0,338.23,2024-05-16,"Lopez, Foley and Allen"
Pencil case,76.0,308.72,2024-08-06,Stuart-Ellis
  3-ring binders  ,87.0,459.87,2024-06-23,"Long, Trevino and Harris"
Charger & extension cord,66.0,410.82,2024-11-23,Bush and Sons
Crayons or watercolor paints,15.0,370.93,2024-11-30,Bruce and Sons
Folder,79.0,45.43,2025-02-01,Pratt PLC
Construction paper,56.0,117.87,2025-01-24,Holder-Richards
  Lunch box or bag  ,64.0,415.31,2024-08-02,"Dixon, Bentley and Mitchell"
Index cards,25.0,401.75,2024-12-01,Gallagher-Beasley
Mouse,12.0,46.4,2025-03-04,Martinez and Sons
Safety scissors,35.0,43.62,2024-05-23,"Simmons, Wilson and Fleming"
Mouse,125.0,161.65,2024-05-29,Lee LLC
  Headphones or earbuds  ,80.0,399.32,2024-08-23,Barker-Carter
Colored pencils,14.0,49.86,2024-09-03,"Sims, Bryant and Greene"
Blue pen,109.0,,2024-09-15,Martinez and Sons
Blue pen,91.0,301.48,2025-02-12,"Peterson, Waller and Richardson"
Pencil pouch,102.0,54.62,2024-08-26,Gomez Ltd
Mechanical pencil,117.0,125.45,2024-11-08,"Brennan, Lopez and Hensley"
Lined notebooks or composition books,13.0,149.26,2025-02-04,Sanchez Inc
Hand sanitizer,49.0,329.47,2024-06-28,Griffin-Rice
Crayons or watercolor paints,,24.74,2024-08-25,Sanchez Group
  Pencil case  ,20.0,72.67,2025-02-08,Howe Ltd
Sticky notes,31.0,63.95,2024-06-14,Wagner Inc
Safety scissors,112.0,347.96,2025-04-06,Anderson Inc
  Index cards  ,90.0,262.7,2025-04-24,Forbes and Sons
Index cards,35.0,127.1,2024-07-30,Gray and Sons
Hand sanitizer,118.0,17.74,2024-05-20,Flores-West
page flags,137.0,234.68,2024-10-09,"Meyers, Mendoza and Salazar"
Charger & extension cord,,236.91,2024-12-21,Myers Inc
Mouse,136.0,404.67,2024-06-14,"Jackson, Taylor and Knox"
Pencil pouch,31.0,263.35,2024-07-26,Brown-Perez
  Red pen  ,80.0,275.39,2025-02-23,Graves-Smith
Protractor,55.0,53.07,2024-08-08,"Taylor, Castillo and Garrison"
  Laptop  ,29.0,228.49,2025-02-11,Ramirez-Hampton
Mouse,51.0,180.11,2024-12-05,"Mata, Hall and Lewis"
Red pen,140.0,485.6,2024-06-18,Figueroa Ltd
markers,78.0,338.12,2024-07-14,"Jackson, Dawson and Garner"
page flags,,465.16,2025-03-10,"Butler, Anderson and Howard"
Laptop,40.0,416.72,2024-08-05,Hamilton Group
  Clipboard  ,56.0,338.67,2024-12-23,Diaz and Sons
Pencil pouch,60.0,11.59,2024-11-08,Lawrence-Lopez
Sharpener,118.0,27.35,2024-06-24,"Russo, White and Lawrence"
Lined notebooks or composition books,57.0,223.1,2024-06-19,Santana-Hill
Ruler,143.0,381.71,2025-02-26,Douglas-Lane
Compass,89.0,93.22,2025-01-14,Wheeler-Thompson
  Hand sanitizer  ,50.0,13.27,2025-01-11,"Harris, Harris and Diaz"
Pencil case,,221.18,2024-06-06,Perez Group
Highlighter,125.0,51.32,2024-08-17,Mendez and Sons
Charger & extension cord,,249.92,2025-03-11,"Bailey, Franklin and Cabrera"
Compass,91.0,209.59,2024-11-09,Acosta PLC
Mouse,46.0,353.94,2025-03-29,"Baker, Vargas and Reyes"
#2 Pencil,17.0,498.01,2024-10-31,"Ramirez, Nelson and Hess"
Red pen,106.0,,2024-07-09,English-Rice
  markers  ,88.0,264.76,2024-07-29,Eaton PLC
Ruler,20.0,366.44,2025-03-31,Smith-Sanders
Charger & extension cord,95.0,467.15,2024-08-28,"Harris, Cox and Wright"
Backpack,50.0,20.71,2024-06-13,May-Sullivan
  Art sketchbook  ,115.0,132.53,2025-02-13,Kim PLC
Protractor,79.0,254.74,2024-10-12,Marquez-Ramsey
Folder,,290.55,2024-10-23,Harrington-Higgins
Glue stick & liquid glue,81.0,,2024-12-24,"Spence, Spencer and Beck"
Mouse,76.0,274.75,2025-04-08,"Schroeder, Trevino and Hampton"
Mechanical pencil,130.0,381.5,2025-03-30,Nelson-Fletcher
Index cards,110.0,233.53,2025-03-06,"Ray, Rivera and Holder"
#2 Pencil,92.0,181.3,2025-02-10,"Rivera, Austin and Cain"
Folder,,127.28,2024-05-21,Soto Group
Lined notebooks or composition books,94.0,156.5,2024-10-25,"Smith, King and Madden"
Pencil pouch,86.0,135.93,2024-08-25,Hicks-Steele
Compass,112.0,131.87,2025-03-11,Martin Inc
Ruler,84.0,140.01,2025-01-23,Walker LLC
Blue pen,,138.28,2024-09-19,Hernandez-Owens
Lunch box or bag,78.0,291.16,2025-03-16,Morris LLC
Compass,118.0,220.35,2025-04-14,Smith-Nicholson
Erasers,42.0,461.23,2024-05-18,"  Austin, Fisher and King  "
Lunch box or bag,18.0,127.5,2025-03-29,"Fox, Figueroa and Ramirez"
3-ring binders,76.0,447.97,2024-09-04,"  Arnold, Marshall and Cox  "
Loose-leaf paper,116.0,253.37,2025-01-29,"Wall, Green and Gordon"
Protractor,71.0,446.89,2025-02-14,Middleton-Chung
page flags,97.0,45.57,2024-06-14,"Tyler, Miller and Holland"
Glue stick & liquid glue,64.0,350.24,2025-04-13,"Mckay, Buchanan and Gonzales"
Dividers with tabs,32.0,,2024-08-21,  Cook-Little  
Mechanical pencil,15.0,401.72,2024-09-23,  Carrillo Ltd  
Lunch box or bag,141.0,28.03,2024-05-09,Benson-Lawrence
Mechanical pencil,40.0,,2024-05-28,Velazquez-Mitchell
  Scientific calculator  ,30.0,431.5,2024-10-11,Baldwin-Dougherty
Glue stick & liquid glue,73.0,411.11,2025-02-20,"Taylor, Hanson and Clark"
Graph paper,53.0,66.58,2025-03-10,Hutchinson-Martin
Pencil case,12.0,,2024-08-15,"  Holland, Ford and Schmidt  "
  Red pen  ,144.0,394.82,2025-02-04,Austin-Thomas
#2 Pencil,32.0,403.57,2024-10-20,Hoover Ltd
Sticky notes,30.0,200.11,2025-01-23,  Parks LLC  
  Mechanical pencil  ,33.0,162.43,2025-04-27,Lopez-Contreras
Erasers,42.0,490.5,2024-09-21,"Barajas, Stokes and Munoz"
Tissues,39.0,149.08,2024-10-03,"Wood, Jenkins and Harper"
  Red pen  ,114.0,201.05,2024-11-28,Schmidt Inc
Crayons or watercolor paints,88.0,,2024-08-03,Figueroa and Sons
Crayons or watercolor paints,45.0,216.2,2025-01-17,Huff Ltd
Lunch box or bag,,223.07,2025-01-31,Frey-Santana
Sharpener,124.0,20.94,2024-09-26,"Gonzalez, Arnold and Henderson"
Black pen,75.0,403.36,2024-07-30,"Stone, Christian and Gonzalez"
Clipboard,17.0,57.74,2024-10-27,"Henry, Alvarez and Brown"
Compass,73.0,,2025-03-31,"Richard, Peterson and Wilson"
Lunch box or bag,49.0,65.62,2025-02-17,Lewis-Evans
Erasers,71.0,196.35,2024-09-25,  White Group  
markers,59.0,140.45,2024-05-15,  Greene-Lee  
Erasers,90.0,167.23,2025-03-23,Cooper-Patterson
Dividers with tabs,135.0,136.78,2025-04-03,George Inc
Red pen,109.0,132.23,2024-09-09,Riley-Holmes
Mechanical pencil,143.0,146.22,2025-02-04,"  Morse, Washington and Stevens  "
Compass,51.0,296.97,2024-10-22,"Henry, Adams and Parsons"
Erasers,74.0,202.08,2025-03-18,Shelton-Cook
Black pen,25.0,151.32,2025-03-31,Spencer and Sons
Hand sanitizer,,335.44,2024-12-01,Ford PLC
Lab notebook,88.0,431.11,2025-01-21,"Callahan, Rodriguez and Watson"
Protractor,44.0,304.52,2024-07-13,Blackwell PLC
Mechanical pencil,106.0,228.64,2024-11-17,"Jones, Reed and Lane"
  Folder  ,49.0,481.48,2024-08-22,Brown-Chavez
Hand sanitizer,39.0,36.12,2024-09-12,Jones and Sons
Index cards,31.0,237.03,2025-03-25,Anderson-Walker
Tissues,76.0,292.94,2024-07-24,"Jackson, Barron and Lewis"
  Graph paper  ,105.0,359.84,2024-12-24,"Griffin, Parker and Alexander"
Laptop,50.0,199.97,2024-11-09,Zavala LLC
Compass,44.0,,2024-05-20,Lewis-Brown
  Sticky notes  ,63.0,213.76,2024-06-12,  Rivera-French  
Safety scissors,72.0,318.29,2024-07-04,Brown Group
  Construction paper  ,132.0,59.81,2024-05-29,"Landry, Poole and Glover"
page flags,125.0,121.02,2025-05-08,Sullivan PLC
Graph paper,115.0,,2024-11-05,Mcclain-Clements
page flags,49.0,309.94,2025-03-17,Frazier-Wood
Blue pen,141.0,363.65,2025-02-25,Castaneda-Hawkins
  Graphing calculator  ,87.0,163.34,2024-12-31,Chapman-Richardson
Mechanical pencil,135.0,83.69,2025-04-07,"Nolan, James and Price"
Pencil case,95.0,279.71,2024-10-18,Hale Ltd
  Graph paper  ,41.0,338.56,2024-10-13,"Bell, Mcmahon and Rivera"
Laptop,53.0,11.79,2024-09-22,Hays-Hunter
Blue pen,40.0,124.81,2024-11-01,Smith Inc
Lined notebooks or composition books,95.0,379.24,2024-09-16,"Brown, Cook and Mendoza"
Highlighter,36.0,114.47,2025-03-11,"Rodriguez, Garrett and Cameron"
Pencil case,30.0,153.62,2024-07-03,"Sanchez, Hanna and Rush"
Sticky notes,136.0,147.33,2024-11-14,"Bell, White and Swanson"
Sticky notes,108.0,286.17,2024-05-14,Lowe-West
USB flash drive,95.0,441.21,2024-05-09,Ellis PLC
Backpack,58.0,187.6,2024-09-24,Moon-Howard
  markers  ,113.0,,2025-03-12,Sandoval-Hernandez
Erasers,56.0,415.73,2024-06-01,"Obrien, Johnson and Simmons"
  Art sketchbook  ,68.0,176.87,2024-10-03,"Watson, Williams and Anderson"
Sharpener,104.0,151.93,2024-12-17,Robinson-King
Clipboard,104.0,416.14,2024-06-04,"Cox, Sutton and Gonzalez"
Graph paper,23.0,420.18,2025-02-21,  Moore Ltd  
Water bottle,120.0,496.68,2025-02-28,"Wolfe, Escobar and Davis"
Hand sanitizer,125.0,139.83,2025-01-24,  Day-Jenkins  
Protractor,116.0,444.54,2024-09-25,Lester PLC
Folder,72.0,212.18,2024-11-01,"Reyes, Gonzalez and Hubbard"
Mechanical pencil,,113.62,2025-01-01,"Stanton, Figueroa and Miller"
Backpack,84.0,469.35,2024-06-02,Blevins-Miller
Tablet,42.0,396.92,2025-01-20,"Hernandez, Smith and Sanchez"
Sticky notes,98.0,153.52,2024-11-13,Williamson Ltd
Protractor,42.0,321.86,2024-11-16,"  Bass, Garrett and Campbell  "
page flags,33.0,252.61,2025-04-16,Bonilla-Brown
  Clipboard  ,93.0,181.3,2024-07-07,"Smith, Smith and Gutierrez"
Lined notebooks or composition books,31.0,152.57,2024-07-05,"Cole, Ortiz and Phillips"
Water bottle,103.0,494.6,2025-05-04,Estrada-Washington
Tablet,,168.9,2024-08-08,Guerra PLC
page flags,133.0,399.03,2024-11-23,  Robinson and Sons  
Water bottle,36.0,481.83,2024-05-09,"Bridges, Green and Morton"
Sharpener,98.0,72.84,2024-09-30,Atkinson-Johnson
Charger & extension cord,86.0,259.54,2025-01-25,Rodriguez Inc
Art sketchbook,15.0,274.5,2024-05-22,"Wolfe, Conrad and Buchanan"
Hand sanitizer,20.0,83.04,2025-01-16,"Sanchez, Hart and Cervantes"
Pencil pouch,56.0,265.08,2024-11-12,  Huang Group  
3-ring binders,,161.95,2024-05-11,"Robinson, Harrington and Thomas"
Ruler,100.0,152.05,2024-07-30,"Hayden, Macias and Jackson"
Pencil case,89.0,150.26,2024-07-26,Parsons-Case
Lined notebooks or composition books,77.0,99.06,2025-04-29,Henderson-Martinez
Backpack,95.0,242.05,2024-06-07,Gray Inc
  USB flash drive  ,57.0,202.76,2024-05-18,Giles-Wagner
Mechanical pencil,66.0,383.05,2024-09-09,"Davis, Sanders and Sanchez"
Graphing calculator,,359.65,2025-04-03,"Dunn, Clark and Morgan"
markers,92.0,275.53,2025-01-28,Saunders Ltd
page flags,69.0,303.86,2024-10-26,Meza Ltd
3-ring binders,112.0,384.85,2024-11-16,"Woods, Wade and Rivera"
3-ring binders,93.0,202.47,2024-06-20,Holmes-Kelly
#2 Pencil,131.0,143.31,2024-07-11,Howard-Wells
Graph paper,51.0,457.59,2024-06-25,"Cochran, Hill and Roberts"
Tissues,41.0,491.56,2025-01-22,Fox-Lindsey
Charger & extension cord,61.0,185.78,2025-03-21,Hill and Sons
Art sketchbook,13.0,226.98,2024-10-07,May PLC
Scientific calculator,68.0,387.08,2024-09-24,Ingram-Jackson
Red pen,110.0,378.76,2024-07-12,Howard Group
Pencil case,104.0,294.39,2024-07-07,Koch-Montgomery
Colored pencils,44.0,169.11,2025-03-29,Wallace-Johnson
Pencil pouch,93.0,382.52,2024-05-18,Doyle-Payne
Black pen,119.0,229.54,2025-03-09,Kramer Inc
Sharpener,83.0,274.11,2025-03-03,"  Williams, Abbott and Pace  "
Loose-leaf paper,81.0,188.23,2024-10-14,Anderson Ltd
Lab notebook,46.0,,2024-12-07,Logan Group
Crayons or watercolor paints,66.0,324.3,2025-05-02,"Bryant, Compton and Dennis"
3-ring binders,87.0,144.2,2024-09-05,"  Juarez, Ward and Bailey  "
Backpack,98.0,85.15,2024-07-24,Reed-Ramirez
Black pen,22.0,372.5,2024-07-25,"Duarte, Ward and Griffith"
Clipboard,130.0,,2024-11-10,Wilson-Schaefer
  Pencil case  ,78.0,229.98,2024-11-11,"Woods, Hart and Murphy"
3-ring binders,,399.14,2024-08-28,"Davis, Gonzales and Rubio"
Charger & extension cord,105.0,386.99,2024-11-06,"Ward, Miller and Molina"
Highlighter,67.0,317.13,2024-12-08,  Jensen Group  
Protractor,67.0,264.28,2024-11-11,Vargas-Hayes
Index cards,31.0,292.12,2024-09-04,  Henry-Moore  
Protractor,128.0,285.34,2025-05-07,  Kennedy-Cruz  
  Graph paper  ,66.0,29.58,2024-11-28,Woods Ltd
  markers  ,82.0,417.54,2025-01-22,  Ortiz-Kelly  
Laptop,94.0,203.71,2024-07-10,  King-Morris  
Crayons or watercolor paints,89.0,14.08,2025-03-02,Jones-Johnston
Ruler,116.0,244.64,2024-07-17,Garcia-Rose
  Loose-leaf paper  ,122.0,55.93,2025-04-17,Martinez Ltd
Charger & extension cord,115.0,496.92,2024-10-06,Smith LLC
Tablet,46.0,366.15,2024-05-15,  Holmes-Dixon  
Lined notebooks or composition books,132.0,449.1,2024-11-22,Young-Edwards
Hand sanitizer,76.0,389.71,2025-01-04,Pearson PLC
  Red pen  ,41.0,244.17,2025-04-06,Brown Group
Art sketchbook,55.0,65.39,2025-05-03,Richard-Jones
Sharpener,129.0,344.8,2024-11-29,"Jensen, Russell and Roberts"
Tissues,71.0,468.87,2024-11-28,Gardner-Flores
Graph paper,136.0,188.87,2025-01-24,"Conner, Gomez and Clark"
Black pen,15.0,79.06,2025-04-03,Reid PLC
Backpack,82.0,131.15,2025-04-08,"Herrera, Howard and Watts"
Clipboard,106.0,385.88,2024-10-04,"Smith, Webb and Webster"
#2 Pencil,22.0,404.37,2024-08-22,"Reilly, Nelson and Cross"
#2 Pencil,51.0,84.9,2024-12-07,"Crosby, Clark and Harmon"
Black pen,96.0,155.2,2025-02-12,  Taylor-Peterson  
markers,83.0,,2024-08-02,Mitchell Ltd
Scientific calculator,122.0,317.0,2024-05-31,"Drake, Wood and Hall"
Folder,44.0,102.91,2025-03-11,"Parker, Hunter and Reyes"
#2 Pencil,51.0,53.52,2024-07-10,Greer LLC
Index cards,106.0,279.54,2024-11-03,Dixon LLC
Dividers with tabs,17.0,487.91,2024-11-17,Mitchell Inc
Lunch box or bag,127.0,221.78,2024-12-27,Medina Ltd
USB flash drive,95.0,441.21,2024-05-09,Ellis PLC
Protractor,78.0,207.97,2024-06-29,"  Small, Wolf and Walker  "
Safety scissors,133.0,215.2,2024-09-23,"Murray, Williams and Gates"
Backpack,15.0,242.62,2024-07-15,  Robbins PLC  
Sticky notes,66.0,463.53,2024-10-29,Anderson Inc
Laptop,,195.13,2025-03-22,"Bowman, Ramirez and Dudley"
Water bottle,28.0,115.98,2024-11-16,Spencer-Allen
Black pen,13.0,319.19,2024-05-14,Serrano and Sons
markers,,72.81,2025-04-12,"Smith, Howard and Wilson"
Lined notebooks or composition books,74.0,363.46,2025-02-25,Frank PLC
Construction paper,113.0,20.33,2024-09-28,Benjamin and Sons
Index cards,25.0,401.75,2024-12-01,Gallagher-Beasley
Safety scissors,112.0,347.96,2025-04-06,Anderson Inc
Colored pencils,106.0,234.3,2024-12-16,Warren Group
USB flash drive,114.0,73.92,2024-06-13,"Montgomery, Griffin and Nichols"
Tablet,,168.9,2024-08-08,Guerra PLC
Tissues,32.0,56.81,2024-06-27,"Fernandez, Adams and Calderon"
Hand sanitizer,20.0,83.04,2025-01-16,"Sanchez, Hart and Cervantes"
Index cards,19.0,169.92,2025-03-08,  Armstrong LLC  
Sharpener,,157.22,2024-08-16,Hunter and Sons
Protractor,44.0,304.52,2024-07-13,Blackwell PLC
Graph paper,144.0,334.19,2024-09-07,Francis LLC
Safety scissors,111.0,341.53,2024-06-04,Haynes-Collins
Lab notebook,91.0,129.3,2024-10-26,House-Durham
Hand sanitizer,121.0,372.57,2025-02-11,"Spencer, Hill and Mitchell"
Folder,80.0,374.75,2024-10-19,Taylor Ltd
Pencil pouch,142.0,96.37,2024-12-29,Blankenship Inc
3-ring binders,35.0,149.05,2025-04-08,Goodman Group
Erasers,71.0,196.35,2024-09-25,  White Group  
Dividers with tabs,134.0,186.59,2024-07-01,Castro Inc
Water bottle,85.0,270.33,2025-05-07,Jenkins-Pham
Black pen,75.0,403.36,2024-07-30,"Stone, Christian and Gonzalez"
Mouse,95.0,319.28,2024-05-28,Caldwell-Fry
Pencil pouch,94.0,370.18,2024-11-12,"  Tate, Price and Kelley  "
  markers  ,82.0,417.54,2025-01-22,  Ortiz-Kelly  
Construction paper,66.0,,2025-03-22,Richard-Murphy
#2 Pencil,32.0,403.57,2024-10-20,Hoover Ltd
Black pen,140.0,253.03,2025-05-04,"Johnson, Anderson and Turner"
  Pencil pouch  ,,195.05,2024-11-25,Jensen-Brown
Mechanical pencil,138.0,194.74,2025-01-27,Fernandez PLC
